era,to_league,pos_group,age_band,transfer_type,row_count,positive_fee_rows,positive_fee_rate,mv_coverage
2010-2019,Unknown,FWD,21-24,loan,1906,83.0,0.04354669464847849,0.8646379853095488
2010-2019,Unknown,DEF,21-24,loan,1651,42.0,0.025439127801332527,0.8503937007874016
2010-2019,Unknown,MID,21-24,loan,1537,44.0,0.028627195836044242,0.8484059856864021
2010-2019,Unknown,FWD,<21,loan,1307,44.0,0.03366488140780413,0.8056618209640398
2010-2019,Unknown,MID,<21,loan,1189,23.0,0.01934398654331371,0.8023549201009251
2010-2019,Unknown,DEF,<21,loan,1104,22.0,0.019927536231884056,0.7853260869565217
2020+,Unknown,Attack,21-24,loan,846,41.0,0.04846335697399527,0.983451536643026
2020+,Unknown,Midfield,21-24,loan,706,29.0,0.04107648725212465,0.9660056657223796
2010-2019,Unknown,FWD,21-24,permanent,703,415.0,0.5903271692745377,0.8406827880512091
2020+,Unknown,Defender,21-24,loan,695,23.0,0.033093525179856115,0.9712230215827338
2020+,Unknown,Attack,<21,loan,690,16.0,0.02318840579710145,0.7347826086956522
2010-2019,Unknown,FWD,25-28,loan,683,48.0,0.07027818448023426,0.8565153733528551
2010-2019,Unknown,MID,21-24,permanent,679,369.0,0.5434462444771723,0.8041237113402062
2000-2009,Unknown,FWD,<21,loan,663,5.0,0.007541478129713424,0.2956259426847662
2000-2009,Unknown,MID,21-24,loan,643,5.0,0.007776049766718507,0.18040435458786935
2020+,Unknown,Midfield,<21,loan,618,9.0,0.014563106796116505,0.7249190938511327
2010-2019,Unknown,DEF,21-24,permanent,605,315.0,0.5206611570247934,0.8264462809917356
2020+,Unknown,Defender,<21,loan,600,19.0,0.03166666666666667,0.7266666666666667
2010-2019,Unknown,GK,21-24,loan,591,14.0,0.023688663282571912,0.8629441624365483
2000-2009,Unknown,DEF,<21,loan,582,3.0,0.005154639175257732,0.24398625429553264
2000-2009,Unknown,FWD,21-24,loan,581,4.0,0.0068846815834767644,0.3098106712564544
2000-2009,Unknown,MID,<21,loan,580,2.0,0.0034482758620689655,0.22241379310344828
2010-2019,Unknown,FWD,25-28,permanent,550,406.0,0.7381818181818182,0.850909090909091
2000-2009,Unknown,DEF,21-24,loan,539,8.0,0.014842300556586271,0.2523191094619666
2010-2019,Unknown,MID,21-24,free,530,0.0,0.0,0.730188679245283
2010-2019,Unknown,DEF,25-28,loan,516,24.0,0.046511627906976744,0.8585271317829457
<2000,Unknown,MID,25-28,permanent,514,167.0,0.32490272373540857,0.0
2010-2019,Premier League,FWD,21-24,end_of_loan,500,4.0,0.008,0.878
2010-2019,Unknown,DEF,21-24,free,500,0.0,0.0,0.708
2010-2019,Unknown,MID,25-28,loan,497,28.0,0.056338028169014086,0.8571428571428571
2020+,Unknown,FWD,21-24,loan,474,15.0,0.03164556962025317,0.8375527426160337
<2000,Unknown,DEF,25-28,permanent,474,151.0,0.31856540084388185,0.0
2010-2019,Unknown,FWD,21-24,free,470,0.0,0.0,0.7702127659574468
2010-2019,Unknown,DEF,25-28,permanent,467,321.0,0.6873661670235546,0.8758029978586723
2000-2009,Unknown,MID,21-24,permanent,461,224.0,0.48590021691973967,0.21258134490238612
2010-2019,Unknown,MID,25-28,permanent,441,300.0,0.6802721088435374,0.8390022675736961
2000-2009,Unknown,DEF,21-24,permanent,440,220.0,0.5,0.2727272727272727
2020+,Unknown,Attack,25-28,loan,440,33.0,0.075,1.0
<2000,Unknown,MID,21-24,permanent,438,122.0,0.2785388127853881,0.0
<2000,Unknown,FWD,25-28,permanent,437,136.0,0.3112128146453089,0.0
2010-2019,Premier League,DEF,21-24,end_of_loan,435,3.0,0.006896551724137931,0.8735632183908046
2010-2019,Unknown,DEF,29-32,free,421,0.0,0.0,0.7743467933491687
2000-2009,Unknown,MID,25-28,permanent,420,211.0,0.5023809523809524,0.14285714285714285
2000-2009,Unknown,FWD,25-28,permanent,417,252.0,0.60431654676259,0.18225419664268586
2010-2019,Serie A,FWD,<21,permanent,400,184.0,0.46,0.8575
<2000,Unknown,DEF,21-24,permanent,400,108.0,0.27,0.0
2010-2019,Premier League,MID,21-24,end_of_loan,397,5.0,0.012594458438287154,0.871536523929471
2000-2009,Unknown,FWD,21-24,permanent,396,213.0,0.5378787878787878,0.22727272727272727
2020+,Unknown,DEF,21-24,loan,393,10.0,0.02544529262086514,0.8371501272264631
2000-2009,Unknown,DEF,25-28,permanent,391,198.0,0.5063938618925832,0.17902813299232737
2010-2019,Serie A,DEF,21-24,permanent,387,306.0,0.7906976744186046,0.896640826873385
2010-2019,Serie A,MID,<21,permanent,387,142.0,0.3669250645994832,0.8527131782945736
2010-2019,Unknown,DEF,25-28,free,383,0.0,0.0,0.7754569190600522
2010-2019,Unknown,FWD,21-24,end_of_loan,378,3.0,0.007936507936507936,0.9576719576719577
2010-2019,Unknown,GK,<21,loan,368,1.0,0.002717391304347826,0.7907608695652174
<2000,Unknown,MID,29-32,permanent,364,75.0,0.20604395604395603,0.0
2000-2009,Unknown,DEF,29-32,permanent,352,93.0,0.26420454545454547,0.036931818181818184
2010-2019,Serie A,DEF,<21,permanent,352,143.0,0.40625,0.875
2010-2019,Serie A,MID,21-24,permanent,352,297.0,0.84375,0.8863636363636364
2010-2019,Unknown,MID,29-32,free,349,0.0,0.0,0.7220630372492837
2010-2019,Unknown,DEF,21-24,end_of_loan,348,1.0,0.0028735632183908046,0.9224137931034483
2020+,Unknown,MID,21-24,loan,348,10.0,0.028735632183908046,0.8189655172413793
2010-2019,Bundesliga,MID,<21,permanent,344,109.0,0.3168604651162791,0.9302325581395349
2010-2019,Unknown,FWD,29-32,permanent,342,210.0,0.6140350877192983,0.7631578947368421
2010-2019,Unknown,FWD,25-28,free,338,0.0,0.0,0.7544378698224852
2010-2019,Unknown,FWD,29-32,free,337,0.0,0.0,0.7151335311572701
<2000,Unknown,FWD,21-24,permanent,337,116.0,0.34421364985163205,0.0
2000-2009,Unknown,DEF,29-32,free,335,0.0,0.0,0.05970149253731343
2010-2019,Unknown,MID,29-32,permanent,333,175.0,0.5255255255255256,0.7687687687687688
<2000,Unknown,DEF,29-32,permanent,333,68.0,0.2042042042042042,0.0
2000-2009,Unknown,MID,21-24,free,332,0.0,0.0,0.07530120481927711
2010-2019,Premier League,FWD,<21,end_of_loan,332,12.0,0.03614457831325301,0.6957831325301205
2000-2009,Unknown,FWD,25-28,loan,330,4.0,0.012121212121212121,0.16666666666666666
2000-2009,Unknown,MID,29-32,permanent,330,126.0,0.38181818181818183,0.03636363636363636
2010-2019,Unknown,MID,25-28,free,330,0.0,0.0,0.7181818181818181
2020+,Unknown,Defender,<21,Unknown,325,0.0,0.0,0.2246153846153846
<2000,Unknown,FWD,29-32,permanent,318,87.0,0.27358490566037735,0.0
2010-2019,Unknown,MID,21-24,end_of_loan,316,3.0,0.00949367088607595,0.9462025316455697
2010-2019,Unknown,DEF,29-32,permanent,314,141.0,0.44904458598726116,0.767515923566879
2010-2019,Ligue 1,MID,<21,permanent,310,76.0,0.24516129032258063,0.8580645161290322
2000-2009,Unknown,MID,29-32,free,308,0.0,0.0,0.01948051948051948
2010-2019,Unknown,FWD,25-28,end_of_loan,304,1.0,0.003289473684210526,0.9473684210526315
2020+,Unknown,Midfield,<21,Unknown,298,0.0,0.0,0.24161073825503357
2000-2009,Unknown,MID,25-28,free,297,0.0,0.0,0.09427609427609428
2010-2019,Serie A,FWD,21-24,permanent,293,246.0,0.8395904436860068,0.8907849829351536
2020+,Unknown,Attack,21-24,permanent,290,285.0,0.9827586206896551,0.993103448275862
2020+,Unknown,Defender,29-32,free,288,0.0,0.0,1.0
2020+,Unknown,Attack,21-24,free,287,0.0,0.0,0.8641114982578397
2020+,Unknown,Attack,<21,Unknown,285,0.0,0.0,0.2736842105263158
2010-2019,Ligue 1,FWD,<21,permanent,284,69.0,0.24295774647887325,0.823943661971831
2020+,Unknown,Midfield,25-28,free,283,0.0,0.0,0.9752650176678446
2010-2019,Bundesliga,DEF,<21,permanent,282,100.0,0.3546099290780142,0.9113475177304965
2020+,Unknown,Defender,25-28,free,281,0.0,0.0,0.99644128113879
2000-2009,Unknown,DEF,21-24,free,278,0.0,0.0,0.1223021582733813
2010-2019,Ligue 1,DEF,<21,permanent,277,62.0,0.22382671480144403,0.8483754512635379
2010-2019,Unknown,DEF,<21,permanent,277,75.0,0.27075812274368233,0.6137184115523465
2010-2019,Unknown,DEF,25-28,end_of_loan,276,3.0,0.010869565217391304,0.9239130434782609
2020+,Unknown,Defender,21-24,free,274,0.0,0.0,0.8759124087591241
2020+,Unknown,Midfield,25-28,loan,273,10.0,0.03663003663003663,1.0
2010-2019,Premier League,FWD,<21,permanent,272,121.0,0.44485294117647056,0.7058823529411765
2000-2009,Unknown,DEF,25-28,free,271,0.0,0.0,0.11439114391143912
2020+,Unknown,FWD,<21,loan,271,4.0,0.014760147601476014,0.7195571955719557
2020+,Unknown,Attack,25-28,free,269,0.0,0.0,0.9962825278810409
2010-2019,Premier League,DEF,<21,permanent,268,87.0,0.3246268656716418,0.6828358208955224
2000-2009,Serie A,DEF,21-24,permanent,266,127.0,0.4774436090225564,0.33458646616541354
2000-2009,Premier League,DEF,<21,permanent,264,53.0,0.20075757575757575,0.15151515151515152
2020+,Unknown,Defender,25-28,loan,264,20.0,0.07575757575757576,0.9924242424242424
2000-2009,Premier League,DEF,<21,end_of_loan,262,1.0,0.003816793893129771,0.20610687022900764
2000-2009,Serie A,MID,<21,permanent,262,53.0,0.20229007633587787,0.16793893129770993
2010-2019,Unknown,FWD,29-32,loan,261,15.0,0.05747126436781609,0.8160919540229885
2010-2019,Unknown,MID,25-28,end_of_loan,260,1.0,0.0038461538461538464,0.9230769230769231
2010-2019,Bundesliga,FWD,<21,permanent,258,100.0,0.3875968992248062,0.9147286821705426
2010-2019,Premier League,MID,<21,permanent,258,71.0,0.2751937984496124,0.6511627906976745
2000-2009,Unknown,FWD,21-24,free,256,0.0,0.0,0.1015625
2000-2009,Unknown,MID,25-28,loan,256,5.0,0.01953125,0.11328125
2010-2019,La Liga,FWD,21-24,end_of_loan,256,0.0,0.0,0.91796875
2020+,Unknown,Midfield,29-32,free,256,0.0,0.0,1.0
2010-2019,Unknown,MID,<21,permanent,255,78.0,0.3058823529411765,0.596078431372549
2010-2019,Ligue 1,FWD,21-24,end_of_loan,252,1.0,0.003968253968253968,0.9246031746031746
2000-2009,Unknown,DEF,25-28,loan,250,2.0,0.008,0.204
2010-2019,La Liga,FWD,21-24,permanent,248,163.0,0.657258064516129,0.9314516129032258
2010-2019,Premier League,MID,<21,end_of_loan,247,5.0,0.020242914979757085,0.7489878542510121
2010-2019,Unknown,DEF,33+,free,246,0.0,0.0,0.7276422764227642
2000-2009,Premier League,MID,<21,permanent,244,52.0,0.21311475409836064,0.19262295081967212
2020+,Unknown,MID,<21,loan,242,2.0,0.008264462809917356,0.6528925619834711
2000-2009,Serie A,DEF,<21,permanent,241,35.0,0.14522821576763487,0.11203319502074689
2000-2009,Unknown,FWD,29-32,permanent,240,103.0,0.42916666666666664,0.05
2010-2019,Ligue 1,FWD,21-24,permanent,239,205.0,0.8577405857740585,0.9623430962343096
2000-2009,Unknown,FWD,29-32,free,236,0.0,0.0,0.025423728813559324
2010-2019,Unknown,FWD,<21,permanent,236,102.0,0.4322033898305085,0.6483050847457628
2010-2019,La Liga,DEF,21-24,permanent,233,133.0,0.5708154506437768,0.927038626609442
2020+,Unknown,Midfield,21-24,free,231,0.0,0.0,0.8874458874458875
2000-2009,Ligue 1,MID,<21,permanent,230,20.0,0.08695652173913043,0.1782608695652174
2000-2009,Premier League,FWD,<21,end_of_loan,230,0.0,0.0,0.30434782608695654
2000-2009,Premier League,FWD,<21,permanent,229,66.0,0.28820960698689957,0.19213973799126638
2010-2019,Bundesliga,DEF,21-24,permanent,229,191.0,0.834061135371179,0.9563318777292577
2020+,Unknown,Attack,29-32,free,228,0.0,0.0,1.0
2020+,Unknown,Goalkeeper,21-24,loan,228,6.0,0.02631578947368421,0.9429824561403509
2010-2019,Premier League,FWD,21-24,permanent,227,213.0,0.9383259911894273,0.9779735682819384
2010-2019,Bundesliga,FWD,21-24,permanent,225,203.0,0.9022222222222223,0.9822222222222222
2020+,Unknown,DEF,<21,loan,225,2.0,0.008888888888888889,0.6844444444444444
2010-2019,Serie A,DEF,25-28,permanent,224,194.0,0.8660714285714286,0.9151785714285714
2000-2009,Unknown,DEF,33+,permanent,222,12.0,0.05405405405405406,0.0
2000-2009,Serie A,FWD,<21,permanent,218,51.0,0.23394495412844038,0.1834862385321101
2010-2019,Premier League,DEF,<21,end_of_loan,218,1.0,0.0045871559633027525,0.7018348623853211
2000-2009,Unknown,FWD,25-28,free,213,0.0,0.0,0.09859154929577464
2020+,Unknown,Midfield,21-24,permanent,212,211.0,0.9952830188679245,1.0
2010-2019,Unknown,MID,<21,free,211,0.0,0.0,0.5971563981042654
2020+,Unknown,Defender,21-24,permanent,210,210.0,1.0,0.9952380952380953
2010-2019,Premier League,DEF,21-24,permanent,208,185.0,0.8894230769230769,0.9519230769230769
2010-2019,Ligue 1,DEF,21-24,permanent,206,161.0,0.7815533980582524,0.9805825242718447
2010-2019,Premier League,MID,21-24,permanent,206,194.0,0.941747572815534,0.970873786407767
2000-2009,Ligue 1,DEF,<21,permanent,205,21.0,0.1024390243902439,0.18048780487804877
2010-2019,La Liga,MID,21-24,permanent,205,133.0,0.6487804878048781,0.9219512195121952
2020+,Unknown,Goalkeeper,<21,loan,205,1.0,0.004878048780487805,0.6829268292682927
<2000,Serie A,DEF,21-24,permanent,205,29.0,0.14146341463414633,0.0
2010-2019,Bundesliga,MID,21-24,permanent,204,177.0,0.8676470588235294,0.9803921568627451
2010-2019,Bundesliga,FWD,21-24,end_of_loan,203,0.0,0.0,0.896551724137931
2010-2019,Unknown,DEF,29-32,loan,203,10.0,0.04926108374384237,0.8177339901477833
2020+,Unknown,Attack,25-28,permanent,203,201.0,0.9901477832512315,1.0
2010-2019,Premier League,FWD,25-28,permanent,202,196.0,0.9702970297029703,0.995049504950495
2000-2009,Unknown,GK,21-24,loan,201,1.0,0.004975124378109453,0.39303482587064675
2010-2019,Serie A,MID,21-24,loan,201,62.0,0.30845771144278605,0.9800995024875622
2010-2019,Serie A,DEF,21-24,loan,200,60.0,0.3,0.97
2010-2019,Unknown,MID,29-32,loan,200,9.0,0.045,0.765
2010-2019,Serie A,MID,25-28,permanent,196,172.0,0.8775510204081632,0.9438775510204082
2000-2009,Unknown,MID,<21,permanent,195,48.0,0.24615384615384617,0.11282051282051282
2020+,Unknown,Defender,<21,free,195,0.0,0.0,0.358974358974359
2000-2009,Unknown,GK,<21,loan,193,0.0,0.0,0.29015544041450775
2010-2019,Bundesliga,MID,21-24,end_of_loan,193,1.0,0.0051813471502590676,0.917098445595855
2010-2019,Unknown,MID,33+,free,193,0.0,0.0,0.7046632124352331
2000-2009,Unknown,DEF,<21,permanent,192,42.0,0.21875,0.125
2010-2019,Serie A,FWD,25-28,permanent,189,162.0,0.8571428571428571,0.9153439153439153
2010-2019,Ligue 1,MID,21-24,end_of_loan,188,0.0,0.0,0.9468085106382979
2000-2009,Bundesliga,MID,<21,permanent,187,54.0,0.2887700534759358,0.39572192513368987
2000-2009,Premier League,DEF,21-24,end_of_loan,187,1.0,0.0053475935828877,0.21390374331550802
2010-2019,La Liga,DEF,21-24,end_of_loan,187,1.0,0.0053475935828877,0.893048128342246
2020+,Unknown,FWD,25-28,loan,187,7.0,0.0374331550802139,0.8716577540106952
2000-2009,Serie A,FWD,21-24,permanent,186,91.0,0.489247311827957,0.3172043010752688
2020+,Unknown,FWD,21-24,permanent,186,107.0,0.5752688172043011,0.8924731182795699
2000-2009,Serie A,MID,21-24,permanent,184,98.0,0.532608695652174,0.31521739130434784
2000-2009,Premier League,MID,<21,end_of_loan,180,0.0,0.0,0.18333333333333332
2000-2009,Unknown,MID,21-24,end_of_loan,180,0.0,0.0,0.25
2010-2019,Premier League,GK,21-24,end_of_loan,180,2.0,0.011111111111111112,0.8833333333333333
2020+,Unknown,Attack,<21,free,180,0.0,0.0,0.34444444444444444
2020+,Unknown,Goalkeeper,<21,Unknown,178,0.0,0.0,0.21910112359550563
2000-2009,Unknown,FWD,<21,permanent,177,50.0,0.2824858757062147,0.12994350282485875
2010-2019,Ligue 1,DEF,21-24,end_of_loan,177,0.0,0.0,0.9491525423728814
2010-2019,Unknown,GK,21-24,free,177,0.0,0.0,0.7457627118644068
<2000,Unknown,MID,<21,permanent,177,16.0,0.0903954802259887,0.0
2000-2009,Premier League,MID,21-24,end_of_loan,176,0.0,0.0,0.22727272727272727
2010-2019,Premier League,FWD,25-28,end_of_loan,176,0.0,0.0,0.9318181818181818
2010-2019,Serie A,DEF,25-28,loan,176,49.0,0.2784090909090909,0.9318181818181818
2010-2019,Unknown,DEF,<21,free,176,0.0,0.0,0.5625
2000-2009,Ligue 1,FWD,<21,permanent,174,26.0,0.14942528735632185,0.20114942528735633
2000-2009,Unknown,MID,33+,permanent,174,16.0,0.09195402298850575,0.0
2010-2019,Premier League,DEF,25-28,end_of_loan,174,1.0,0.005747126436781609,0.896551724137931
2020+,Unknown,DEF,21-24,permanent,174,92.0,0.5287356321839081,0.9022988505747126
<2000,Premier League,MID,<21,permanent,174,32.0,0.1839080459770115,0.0
2000-2009,Unknown,DEF,21-24,end_of_loan,173,0.0,0.0,0.3583815028901734
2010-2019,La Liga,FWD,21-24,loan,173,22.0,0.12716763005780346,0.9653179190751445
2010-2019,Ligue 1,MID,21-24,permanent,173,140.0,0.8092485549132948,0.9595375722543352
<2000,Unknown,FWD,21-24,loan,173,0.0,0.0,0.0
<2000,Unknown,DEF,<21,permanent,172,20.0,0.11627906976744186,0.0
2010-2019,La Liga,MID,21-24,end_of_loan,170,2.0,0.011764705882352941,0.8470588235294118
2020+,Unknown,Midfield,<21,free,170,0.0,0.0,0.3352941176470588
<2000,Premier League,DEF,<21,permanent,170,29.0,0.17058823529411765,0.0
<2000,Serie A,MID,21-24,permanent,170,40.0,0.23529411764705882,0.0
2010-2019,Premier League,DEF,25-28,permanent,168,163.0,0.9702380952380952,0.9821428571428571
2020+,Unknown,Defender,25-28,permanent,167,167.0,1.0,1.0
<2000,Unknown,MID,21-24,loan,166,1.0,0.006024096385542169,0.0
2000-2009,Serie A,DEF,25-28,permanent,165,78.0,0.4727272727272727,0.2787878787878788
2010-2019,Serie A,FWD,21-24,loan,163,47.0,0.2883435582822086,1.0
2000-2009,La Liga,DEF,21-24,permanent,162,77.0,0.47530864197530864,0.32098765432098764
2010-2019,La Liga,FWD,25-28,end_of_loan,162,2.0,0.012345679012345678,0.8827160493827161
<2000,La Liga,MID,21-24,permanent,162,71.0,0.4382716049382716,0.0
2000-2009,Unknown,FWD,21-24,end_of_loan,160,0.0,0.0,0.3625
<2000,Serie A,DEF,<21,permanent,160,12.0,0.075,0.0
2000-2009,Premier League,FWD,21-24,end_of_loan,158,0.0,0.0,0.2911392405063291
2000-2009,Unknown,FWD,25-28,end_of_loan,158,0.0,0.0,0.22784810126582278
2010-2019,Premier League,MID,25-28,permanent,158,155.0,0.9810126582278481,0.9683544303797469
<2000,La Liga,DEF,21-24,permanent,156,52.0,0.3333333333333333,0.0
2010-2019,Unknown,GK,25-28,loan,155,8.0,0.05161290322580645,0.8258064516129032
2020+,Unknown,DEF,25-28,loan,155,2.0,0.012903225806451613,0.9290322580645162
2010-2019,Unknown,FWD,29-32,end_of_loan,154,0.0,0.0,0.8766233766233766
<2000,La Liga,FWD,21-24,permanent,154,89.0,0.577922077922078,0.0
2000-2009,Serie A,MID,25-28,permanent,153,83.0,0.5424836601307189,0.26143790849673204
2010-2019,La Liga,FWD,25-28,permanent,153,144.0,0.9411764705882353,0.9673202614379085
2000-2009,La Liga,MID,21-24,permanent,152,82.0,0.5394736842105263,0.2631578947368421
2000-2009,Unknown,DEF,33+,free,152,0.0,0.0,0.0
2020+,Unknown,MID,21-24,permanent,152,80.0,0.5263157894736842,0.8947368421052632
<2000,Serie A,MID,<21,permanent,152,12.0,0.07894736842105263,0.0
2010-2019,Unknown,FWD,33+,free,151,0.0,0.0,0.7417218543046358
2000-2009,Unknown,MID,<21,free,150,0.0,0.0,0.06666666666666667
2010-2019,Serie A,MID,25-28,loan,150,38.0,0.25333333333333335,0.96
2000-2009,Premier League,DEF,21-24,permanent,148,136.0,0.918918918918919,0.49324324324324326
2020+,Unknown,Midfield,25-28,permanent,148,148.0,1.0,1.0
<2000,Serie A,MID,25-28,permanent,148,36.0,0.24324324324324326,0.0
<2000,Unknown,FWD,<21,loan,148,0.0,0.0,0.0
2000-2009,Serie A,FWD,25-28,permanent,145,88.0,0.6068965517241379,0.2413793103448276
2010-2019,Unknown,GK,25-28,free,145,0.0,0.0,0.8
2020+,Unknown,Attack,<21,permanent,145,144.0,0.993103448275862,0.8344827586206897
2010-2019,La Liga,FWD,25-28,loan,143,28.0,0.1958041958041958,0.9790209790209791
<2000,Ligue 1,DEF,<21,permanent,143,2.0,0.013986013986013986,0.0
2010-2019,Premier League,MID,25-28,end_of_loan,142,0.0,0.0,0.9084507042253521
2000-2009,Unknown,DEF,<21,free,141,0.0,0.0,0.07801418439716312
2010-2019,La Liga,FWD,<21,permanent,141,48.0,0.3404255319148936,0.851063829787234
<2000,Ligue 1,MID,<21,permanent,141,6.0,0.0425531914893617,0.0
2010-2019,Serie A,GK,<21,permanent,139,35.0,0.2517985611510791,0.8489208633093526
<2000,Unknown,DEF,21-24,loan,139,1.0,0.007194244604316547,0.0
2010-2019,La Liga,MID,25-28,end_of_loan,138,0.0,0.0,0.8478260869565217
<2000,Unknown,FWD,<21,permanent,138,23.0,0.16666666666666666,0.0
2010-2019,Bundesliga,FWD,25-28,permanent,137,135.0,0.9854014598540146,0.9781021897810219
<2000,Premier League,FWD,<21,permanent,136,31.0,0.22794117647058823,0.0
<2000,Unknown,DEF,33+,permanent,136,12.0,0.08823529411764706,0.0
2000-2009,Bundesliga,DEF,<21,permanent,135,30.0,0.2222222222222222,0.3333333333333333
2000-2009,La Liga,FWD,21-24,permanent,135,86.0,0.6370370370370371,0.34074074074074073
2000-2009,Premier League,DEF,25-28,permanent,135,130.0,0.9629629629629629,0.35555555555555557
2010-2019,Premier League,FWD,29-32,end_of_loan,135,0.0,0.0,0.9037037037037037
2020+,Unknown,Defender,33+,Unknown,135,0.0,0.0,1.0
2020+,Unknown,GK,21-24,loan,135,2.0,0.014814814814814815,0.9555555555555556
2020+,Unknown,FWD,25-28,permanent,134,92.0,0.6865671641791045,0.9253731343283582
<2000,La Liga,MID,25-28,permanent,134,58.0,0.43283582089552236,0.0
2000-2009,Unknown,MID,33+,free,133,0.0,0.0,0.015037593984962405
2010-2019,La Liga,DEF,25-28,permanent,133,119.0,0.8947368421052632,0.9022556390977443
2010-2019,Unknown,FWD,<21,free,133,0.0,0.0,0.5789473684210527
2000-2009,Unknown,MID,25-28,end_of_loan,132,0.0,0.0,0.16666666666666666
2020+,Unknown,Defender,21-24,Unknown,132,1.0,0.007575757575757576,0.9166666666666666
2020+,Unknown,Defender,33+,free,132,0.0,0.0,1.0
2000-2009,Ligue 1,MID,21-24,end_of_loan,131,0.0,0.0,0.183206106870229
<2000,Ligue 1,MID,25-28,permanent,131,6.0,0.04580152671755725,0.0
<2000,Unknown,MID,<21,loan,131,0.0,0.0,0.0
2010-2019,Unknown,DEF,29-32,end_of_loan,130,0.0,0.0,0.9153846153846154
2010-2019,Ligue 1,FWD,25-28,permanent,128,114.0,0.890625,0.9453125
2010-2019,Serie A,FWD,25-28,loan,128,51.0,0.3984375,0.953125
2000-2009,Premier League,FWD,25-28,permanent,127,120.0,0.9448818897637795,0.3464566929133858
2010-2019,Unknown,FWD,<21,end_of_loan,127,3.0,0.023622047244094488,0.9212598425196851
2020+,Unknown,Attack,29-32,loan,127,8.0,0.06299212598425197,1.0
<2000,Serie A,DEF,25-28,permanent,127,32.0,0.25196850393700787,0.0
<2000,Unknown,MID,33+,permanent,126,11.0,0.0873015873015873,0.0
2000-2009,Premier League,MID,21-24,permanent,125,114.0,0.912,0.424
2000-2009,Unknown,GK,33+,permanent,125,14.0,0.112,0.024
2010-2019,Unknown,DEF,33+,retirement,125,0.0,0.0,0.68
2000-2009,Ligue 1,FWD,21-24,permanent,124,100.0,0.8064516129032258,0.3225806451612903
2010-2019,Serie A,DEF,29-32,permanent,124,104.0,0.8387096774193549,0.9112903225806451
2020+,Unknown,MID,21-24,free,124,0.0,0.0,0.7741935483870968
2000-2009,Bundesliga,FWD,21-24,permanent,123,98.0,0.7967479674796748,0.45528455284552843
2010-2019,Unknown,GK,29-32,free,123,0.0,0.0,0.8617886178861789
<2000,Serie A,FWD,21-24,permanent,123,32.0,0.2601626016260163,0.0
2000-2009,Unknown,DEF,25-28,end_of_loan,122,0.0,0.0,0.1721311475409836
2000-2009,Unknown,FWD,29-32,loan,122,3.0,0.02459016393442623,0.05737704918032787
<2000,Serie A,FWD,<21,permanent,122,14.0,0.11475409836065574,0.0
2010-2019,La Liga,MID,21-24,loan,121,20.0,0.1652892561983471,0.9834710743801653
2010-2019,Unknown,GK,21-24,permanent,121,43.0,0.35537190082644626,0.7603305785123967
2000-2009,Bundesliga,MID,21-24,permanent,118,87.0,0.7372881355932204,0.2711864406779661
2000-2009,Ligue 1,FWD,21-24,end_of_loan,118,0.0,0.0,0.2457627118644068
2020+,Unknown,DEF,21-24,end_of_loan,118,1.0,0.00847457627118644,0.9576271186440678
2020+,Unknown,FWD,21-24,end_of_loan,117,1.0,0.008547008547008548,0.9230769230769231
2020+,Unknown,Goalkeeper,21-24,free,117,0.0,0.0,0.8632478632478633
2000-2009,Ligue 1,DEF,21-24,permanent,116,70.0,0.603448275862069,0.3793103448275862
2000-2009,Ligue 1,MID,21-24,permanent,116,93.0,0.8017241379310345,0.3793103448275862
2010-2019,La Liga,MID,25-28,permanent,116,107.0,0.9224137931034483,0.9396551724137931
2020+,Premier League,FWD,21-24,end_of_loan,116,0.0,0.0,0.8793103448275862
2020+,Unknown,Defender,29-32,Unknown,116,0.0,0.0,1.0
2020+,Unknown,DEF,21-24,free,115,0.0,0.0,0.8956521739130435
2020+,Unknown,DEF,25-28,free,115,0.0,0.0,0.9304347826086956
2020+,Unknown,Midfield,21-24,Unknown,115,2.0,0.017391304347826087,0.8782608695652174
2000-2009,Premier League,FWD,21-24,permanent,114,111.0,0.9736842105263158,0.34210526315789475
2000-2009,Unknown,FWD,33+,free,114,0.0,0.0,0.008771929824561403
2010-2019,Unknown,GK,33+,free,114,0.0,0.0,0.8070175438596491
2020+,Serie A,Midfield,21-24,loan,114,24.0,0.21052631578947367,1.0
2020+,Unknown,Attack,21-24,Unknown,114,1.0,0.008771929824561403,0.9473684210526315
2000-2009,Bundesliga,DEF,21-24,permanent,113,87.0,0.7699115044247787,0.3008849557522124
2000-2009,Premier League,MID,25-28,permanent,113,109.0,0.9646017699115044,0.22123893805309736
2000-2009,Unknown,FWD,<21,free,113,0.0,0.0,0.07079646017699115
2020+,Unknown,DEF,25-28,permanent,113,58.0,0.5132743362831859,0.911504424778761
<2000,Bundesliga,MID,21-24,permanent,113,73.0,0.6460176991150443,0.0
2010-2019,La Liga,DEF,25-28,end_of_loan,112,0.0,0.0,0.8303571428571429
2010-2019,La Liga,MID,<21,permanent,112,34.0,0.30357142857142855,0.875
2010-2019,Unknown,MID,29-32,end_of_loan,112,0.0,0.0,0.9464285714285714
<2000,La Liga,DEF,25-28,permanent,112,40.0,0.35714285714285715,0.0
2000-2009,La Liga,FWD,25-28,permanent,111,91.0,0.8198198198198198,0.22522522522522523
2000-2009,Unknown,GK,33+,free,111,0.0,0.0,0.009009009009009009
2010-2019,Bundesliga,DEF,21-24,end_of_loan,111,0.0,0.0,0.9459459459459459
2010-2019,La Liga,DEF,25-28,loan,111,17.0,0.15315315315315314,0.9009009009009009
2020+,Unknown,Defender,25-28,Unknown,111,0.0,0.0,1.0
2010-2019,Ligue 1,DEF,25-28,permanent,110,90.0,0.8181818181818182,0.9727272727272728
<2000,Unknown,MID,21-24,free,110,0.0,0.0,0.0
2000-2009,Unknown,GK,21-24,free,109,0.0,0.0,0.1651376146788991
2010-2019,Ligue 1,MID,25-28,permanent,109,96.0,0.8807339449541285,0.9724770642201835
<2000,Bundesliga,MID,25-28,permanent,109,90.0,0.8256880733944955,0.0
<2000,Premier League,DEF,25-28,permanent,109,81.0,0.7431192660550459,0.0
2000-2009,Premier League,GK,21-24,end_of_loan,108,0.0,0.0,0.48148148148148145
2010-2019,Ligue 1,FWD,25-28,end_of_loan,108,0.0,0.0,0.8611111111111112
2010-2019,Premier League,DEF,29-32,end_of_loan,108,0.0,0.0,0.8055555555555556
2020+,Unknown,Midfield,29-32,Unknown,108,0.0,0.0,1.0
<2000,Unknown,DEF,<21,loan,108,0.0,0.0,0.0
2000-2009,Premier League,GK,<21,end_of_loan,107,0.0,0.0,0.2803738317757009
2000-2009,Unknown,FWD,33+,permanent,107,12.0,0.11214953271028037,0.009345794392523364
2000-2009,Unknown,MID,29-32,loan,107,1.0,0.009345794392523364,0.04672897196261682
2020+,Unknown,FWD,21-24,free,107,0.0,0.0,0.8317757009345794
<2000,Unknown,DEF,21-24,free,107,0.0,0.0,0.0
2020+,Premier League,Midfield,21-24,loan,106,8.0,0.07547169811320754,1.0
2020+,Unknown,Midfield,33+,Unknown,106,0.0,0.0,1.0
<2000,Ligue 1,FWD,25-28,permanent,106,17.0,0.16037735849056603,0.0
<2000,Unknown,GK,21-24,permanent,106,9.0,0.08490566037735849,0.0
2010-2019,Ligue 1,FWD,21-24,loan,105,17.0,0.1619047619047619,1.0
<2000,Premier League,DEF,21-24,permanent,105,80.0,0.7619047619047619,0.0
2000-2009,La Liga,MID,21-24,end_of_loan,104,0.0,0.0,0.18269230769230768
2000-2009,La Liga,MID,25-28,permanent,104,65.0,0.625,0.21153846153846154
2000-2009,Ligue 1,FWD,25-28,permanent,104,76.0,0.7307692307692307,0.23076923076923078
2010-2019,Bundesliga,DEF,25-28,permanent,104,100.0,0.9615384615384616,0.9519230769230769
2020+,Premier League,Defender,21-24,loan,104,5.0,0.04807692307692308,1.0
2000-2009,La Liga,FWD,21-24,end_of_loan,103,0.0,0.0,0.3786407766990291
2000-2009,Ligue 1,DEF,21-24,end_of_loan,103,0.0,0.0,0.3300970873786408
2000-2009,Ligue 1,DEF,25-28,permanent,103,68.0,0.6601941747572816,0.30097087378640774
2010-2019,La Liga,DEF,21-24,loan,103,15.0,0.14563106796116504,0.9514563106796117
2020+,Unknown,DEF,29-32,free,103,0.0,0.0,0.8932038834951457
2020+,Unknown,MID,25-28,loan,103,3.0,0.02912621359223301,0.9320388349514563
<2000,Ligue 1,DEF,25-28,permanent,103,7.0,0.06796116504854369,0.0
2000-2009,Bundesliga,FWD,<21,permanent,102,27.0,0.2647058823529412,0.4215686274509804
2010-2019,La Liga,DEF,<21,permanent,102,38.0,0.37254901960784315,0.9117647058823529
2010-2019,Ligue 1,GK,<21,permanent,102,12.0,0.11764705882352941,0.7647058823529411
2010-2019,Serie A,MID,29-32,permanent,102,83.0,0.8137254901960784,0.9607843137254902
2020+,Unknown,Goalkeeper,29-32,free,102,0.0,0.0,1.0
<2000,Serie A,FWD,25-28,permanent,102,30.0,0.29411764705882354,0.0
2020+,Premier League,DEF,21-24,end_of_loan,101,1.0,0.009900990099009901,0.900990099009901
2000-2009,Unknown,GK,21-24,permanent,100,29.0,0.29,0.27
2020+,La Liga,FWD,21-24,end_of_loan,100,0.0,0.0,0.82
2020+,Unknown,DEF,25-28,end_of_loan,100,1.0,0.01,0.96
2020+,Serie A,Midfield,25-28,loan,99,18.0,0.18181818181818182,1.0
2000-2009,Serie A,DEF,29-32,permanent,98,41.0,0.41836734693877553,0.16326530612244897
2010-2019,La Liga,DEF,25-28,free,98,0.0,0.0,0.9897959183673469
2020+,Premier League,Attack,21-24,loan,98,10.0,0.10204081632653061,1.0
<2000,Ligue 1,MID,21-24,permanent,98,11.0,0.11224489795918367,0.0
2000-2009,La Liga,DEF,<21,permanent,97,21.0,0.21649484536082475,0.2268041237113402
2010-2019,Bundesliga,GK,<21,permanent,97,17.0,0.17525773195876287,0.9381443298969072
2020+,Serie A,Defender,21-24,loan,97,15.0,0.15463917525773196,1.0
<2000,Unknown,GK,33+,permanent,97,7.0,0.07216494845360824,0.0
2000-2009,Bundesliga,DEF,25-28,permanent,96,89.0,0.9270833333333334,0.23958333333333334
2000-2009,Unknown,GK,25-28,permanent,96,32.0,0.3333333333333333,0.22916666666666666
2020+,Serie A,Attack,21-24,loan,96,14.0,0.14583333333333334,1.0
2000-2009,Ligue 1,FWD,25-28,end_of_loan,95,0.0,0.0,0.16842105263157894
2010-2019,Unknown,DEF,33+,permanent,95,16.0,0.16842105263157894,0.7684210526315789
2020+,Unknown,DEF,29-32,permanent,95,41.0,0.43157894736842106,0.9368421052631579
2020+,Unknown,Defender,29-32,loan,95,5.0,0.05263157894736842,1.0
<2000,Premier League,MID,25-28,permanent,95,72.0,0.7578947368421053,0.0
<2000,Bundesliga,MID,<21,permanent,94,22.0,0.23404255319148937,0.0
<2000,La Liga,FWD,25-28,permanent,94,46.0,0.48936170212765956,0.0
<2000,Ligue 1,FWD,21-24,permanent,94,17.0,0.18085106382978725,0.0
<2000,Premier League,FWD,25-28,permanent,94,72.0,0.7659574468085106,0.0
<2000,Unknown,GK,25-28,permanent,94,15.0,0.1595744680851064,0.0
2010-2019,Unknown,MID,<21,end_of_loan,93,1.0,0.010752688172043012,0.9247311827956989
2020+,Unknown,MID,25-28,permanent,93,62.0,0.6666666666666666,0.9354838709677419
<2000,Unknown,FWD,25-28,loan,93,0.0,0.0,0.0
<2000,Bundesliga,FWD,25-28,permanent,92,66.0,0.717391304347826,0.0
2010-2019,Bundesliga,MID,25-28,permanent,91,91.0,1.0,0.978021978021978
2020+,Ligue 1,FWD,<21,permanent,91,23.0,0.25274725274725274,0.5384615384615384
<2000,Premier League,FWD,21-24,permanent,91,77.0,0.8461538461538461,0.0
2000-2009,La Liga,MID,<21,permanent,90,19.0,0.2111111111111111,0.23333333333333334
2020+,Unknown,Attack,29-32,Unknown,90,0.0,0.0,1.0
2020+,Unknown,MID,25-28,end_of_loan,90,0.0,0.0,0.9666666666666667
2000-2009,Unknown,DEF,29-32,loan,89,1.0,0.011235955056179775,0.10112359550561797
2010-2019,Serie A,FWD,<21,loan,89,23.0,0.25842696629213485,0.9662921348314607
2010-2019,Unknown,MID,33+,retirement,89,0.0,0.0,0.651685393258427
2020+,Unknown,Goalkeeper,<21,free,89,0.0,0.0,0.3595505617977528
2020+,Unknown,MID,25-28,free,89,0.0,0.0,0.9550561797752809
2000-2009,La Liga,DEF,25-28,permanent,88,58.0,0.6590909090909091,0.23863636363636365
2010-2019,La Liga,DEF,29-32,free,88,0.0,0.0,0.8636363636363636
2020+,Bundesliga,FWD,<21,permanent,88,19.0,0.2159090909090909,0.6022727272727273
<2000,Bundesliga,DEF,25-28,permanent,88,68.0,0.7727272727272727,0.0
2020+,Unknown,FWD,25-28,free,87,0.0,0.0,0.9310344827586207
<2000,Bundesliga,DEF,21-24,permanent,87,53.0,0.6091954022988506,0.0
<2000,Unknown,GK,29-32,permanent,87,10.0,0.11494252873563218,0.0
2000-2009,Serie A,MID,21-24,loan,86,3.0,0.03488372093023256,0.22093023255813954
2020+,LaLiga,Attack,21-24,loan,86,5.0,0.05813953488372093,0.9883720930232558
2020+,Serie A,MID,<21,permanent,86,26.0,0.3023255813953488,0.6046511627906976
2020+,Unknown,Attack,33+,free,86,0.0,0.0,1.0
2020+,Unknown,Defender,<21,permanent,86,83.0,0.9651162790697675,0.8604651162790697
2020+,Unknown,Midfield,25-28,Unknown,86,0.0,0.0,1.0
2000-2009,Unknown,GK,25-28,free,85,0.0,0.0,0.1411764705882353
2020+,Premier League,MID,21-24,end_of_loan,85,1.0,0.011764705882352941,0.8470588235294118
2020+,Unknown,FWD,25-28,end_of_loan,85,0.0,0.0,0.9882352941176471
2000-2009,La Liga,FWD,<21,permanent,84,26.0,0.30952380952380953,0.2857142857142857
2000-2009,Unknown,GK,25-28,loan,84,2.0,0.023809523809523808,0.25
2010-2019,Bundesliga,FWD,25-28,end_of_loan,84,0.0,0.0,0.8809523809523809
2020+,Bundesliga,MID,<21,permanent,84,26.0,0.30952380952380953,0.6071428571428571
2020+,Unknown,MID,29-32,free,84,0.0,0.0,0.9404761904761905
2000-2009,Bundesliga,FWD,25-28,permanent,83,78.0,0.9397590361445783,0.18072289156626506
2000-2009,Ligue 1,MID,25-28,permanent,83,55.0,0.6626506024096386,0.21686746987951808
2000-2009,Serie A,MID,29-32,permanent,83,34.0,0.40963855421686746,0.060240963855421686
2010-2019,Unknown,GK,33+,retirement,83,0.0,0.0,0.6506024096385542
2020+,Unknown,MID,29-32,permanent,83,32.0,0.3855421686746988,0.963855421686747
<2000,Ligue 1,FWD,<21,permanent,83,5.0,0.060240963855421686,0.0
2000-2009,La Liga,FWD,25-28,end_of_loan,82,0.0,0.0,0.2682926829268293
2000-2009,Serie A,GK,<21,permanent,82,6.0,0.07317073170731707,0.1951219512195122
2010-2019,Ligue 1,FWD,<21,end_of_loan,82,1.0,0.012195121951219513,0.9878048780487805
2020+,Unknown,FWD,29-32,free,82,0.0,0.0,0.9512195121951219
2000-2009,Bundesliga,MID,25-28,permanent,81,76.0,0.9382716049382716,0.14814814814814814
2010-2019,Premier League,GK,<21,end_of_loan,81,3.0,0.037037037037037035,0.691358024691358
2010-2019,Premier League,MID,29-32,end_of_loan,81,0.0,0.0,0.7901234567901234
2020+,Unknown,Attack,25-28,Unknown,81,0.0,0.0,0.9876543209876543
<2000,Unknown,FWD,33+,permanent,81,15.0,0.18518518518518517,0.0
2010-2019,La Liga,MID,25-28,free,80,0.0,0.0,0.975
2010-2019,Serie A,FWD,29-32,loan,80,19.0,0.2375,0.9125
2010-2019,Unknown,GK,<21,free,80,0.0,0.0,0.7625
2010-2019,Unknown,GK,<21,permanent,80,19.0,0.2375,0.575
2020+,Ligue 1,MID,<21,permanent,80,6.0,0.075,0.4875
2020+,Premier League,Defender,25-28,loan,80,5.0,0.0625,1.0
2020+,Serie A,DEF,21-24,permanent,80,73.0,0.9125,0.8
2020+,Unknown,MID,21-24,end_of_loan,80,3.0,0.0375,0.9375
2010-2019,Serie A,DEF,29-32,free,79,0.0,0.0,0.9240506329113924
2020+,Bundesliga,DEF,21-24,end_of_loan,79,0.0,0.0,0.9746835443037974
<2000,Ligue 1,DEF,21-24,permanent,79,5.0,0.06329113924050633,0.0
<2000,Unknown,MID,25-28,free,79,0.0,0.0,0.0
2000-2009,Serie A,DEF,21-24,loan,78,4.0,0.05128205128205128,0.3974358974358974
2000-2009,Unknown,GK,29-32,free,78,0.0,0.0,0.08974358974358974
2010-2019,Ligue 1,DEF,25-28,free,78,0.0,0.0,0.9230769230769231
2010-2019,Unknown,GK,25-28,permanent,78,35.0,0.44871794871794873,0.8846153846153846
2020+,Unknown,FWD,29-32,permanent,78,34.0,0.4358974358974359,0.9230769230769231
2010-2019,Serie A,FWD,29-32,permanent,77,68.0,0.8831168831168831,0.8701298701298701
2020+,Unknown,Goalkeeper,25-28,free,77,0.0,0.0,1.0
2020+,Unknown,Goalkeeper,25-28,loan,77,5.0,0.06493506493506493,1.0
2020+,Unknown,Midfield,29-32,loan,77,3.0,0.03896103896103896,1.0
2020+,Unknown,Midfield,<21,permanent,77,77.0,1.0,0.8701298701298701
<2000,Premier League,FWD,21-24,end_of_loan,77,0.0,0.0,0.0
2010-2019,Serie A,MID,21-24,free,76,0.0,0.0,0.7368421052631579
2020+,Ligue 1,DEF,21-24,end_of_loan,76,1.0,0.013157894736842105,0.9342105263157895
2020+,Premier League,DEF,21-24,permanent,76,73.0,0.9605263157894737,0.8947368421052632
2020+,Unknown,Midfield,33+,free,76,0.0,0.0,1.0
<2000,Premier League,MID,21-24,permanent,76,62.0,0.8157894736842105,0.0
2000-2009,Unknown,FWD,29-32,end_of_loan,75,0.0,0.0,0.05333333333333334
2010-2019,Serie A,MID,29-32,loan,75,19.0,0.25333333333333335,0.9466666666666667
<2000,Premier League,DEF,21-24,end_of_loan,75,0.0,0.0,0.0
<2000,Unknown,FWD,25-28,free,75,0.0,0.0,0.0
2000-2009,La Liga,DEF,21-24,end_of_loan,74,0.0,0.0,0.3108108108108108
2010-2019,Serie A,DEF,21-24,free,74,0.0,0.0,0.8648648648648649
2020+,Ligue 1,Attack,21-24,loan,74,6.0,0.08108108108108109,1.0
2020+,Ligue 1,DEF,21-24,permanent,74,53.0,0.7162162162162162,0.8513513513513513
2000-2009,La Liga,MID,25-28,end_of_loan,73,0.0,0.0,0.1506849315068493
2010-2019,Ligue 1,MID,21-24,loan,73,9.0,0.1232876712328767,0.9315068493150684
2000-2009,Ligue 1,DEF,21-24,free,72,0.0,0.0,0.16666666666666666
2010-2019,La Liga,DEF,21-24,free,72,0.0,0.0,0.9027777777777778
2020+,Serie A,Attack,25-28,loan,72,15.0,0.20833333333333334,1.0
<2000,La Liga,MID,<21,permanent,72,7.0,0.09722222222222222,0.0
2000-2009,Unknown,GK,29-32,permanent,71,18.0,0.2535211267605634,0.09859154929577464
2010-2019,Premier League,FWD,21-24,loan,71,19.0,0.2676056338028169,0.971830985915493
2010-2019,Premier League,GK,<21,permanent,71,18.0,0.2535211267605634,0.6056338028169014
2020+,La Liga,DEF,21-24,end_of_loan,71,0.0,0.0,0.9154929577464789
2020+,Ligue 1,FWD,21-24,end_of_loan,71,3.0,0.04225352112676056,0.8732394366197183
2020+,Unknown,Goalkeeper,33+,Unknown,71,0.0,0.0,1.0
<2000,Unknown,DEF,25-28,free,71,0.0,0.0,0.0
2000-2009,Bundesliga,MID,25-28,free,70,0.0,0.0,0.17142857142857143
2000-2009,Ligue 1,GK,<21,permanent,70,3.0,0.04285714285714286,0.17142857142857143
2000-2009,Premier League,GK,<21,permanent,70,14.0,0.2,0.17142857142857143
2000-2009,Unknown,DEF,29-32,end_of_loan,70,0.0,0.0,0.08571428571428572
2010-2019,Ligue 1,DEF,25-28,end_of_loan,70,0.0,0.0,0.9142857142857143
2020+,Unknown,Attack,33+,Unknown,70,0.0,0.0,1.0
<2000,Unknown,FWD,21-24,free,70,0.0,0.0,0.0
2010-2019,Serie A,DEF,29-32,loan,69,22.0,0.3188405797101449,0.9420289855072463
